{
    "env": {
        "browser": true,
        "node": true,
        "es6": true,
        "es2017": true
    },
    "extends": [
        "eslint:recommended",
        "plugin:@typescript-eslint/eslint-recommended",
        "plugin:@typescript-eslint/recommended",
        "plugin:@typescript-eslint/recommended-requiring-type-checking"
    ],
    "parser": "@typescript-eslint/parser",
    "parserOptions": {
        "tsconfigRootDir": "."
    },
    "plugins": ["@typescript-eslint"],
    "rules": {
      "@typescript-eslint/no-empty-function": 0,
      "@typescript-eslint/no-var-requires": 0,
      "@typescript-eslint/no-explicit-any": 0
    }
}
